naam,geboortedata,Postcode,gift_given,gedrag
Heidi Wilkinson,2018-04-21,15750 20,False,slecht
Matthew Holden,2020-08-09,24587 15,False,slecht
Trevor Bryant,2010-01-20,87418 43,False,goed
Michael Moore,2007-05-26,39808 77,True,slecht
Ebony Wilson,2008-01-14,21924 89,True,slecht
Mr. Joseph Baker,2009-06-03,64588 92,False,slecht
Bryan Goodman,2010-10-20,44339 34,True,goed
Cody Moore,2014-09-09,90473 33,False,slecht
James Miller,2007-07-12,69702 14,False,slecht
Tammy Wiley,2015-11-30,33141 66,False,slecht
Robert Johnson,2012-01-17,35197 87,True,goed
Gregory Clark,2004-05-16,81332 39,True,goed
Dustin Peters,2013-10-15,57419 16,False,goed
Emily Alexander MD,2018-11-30,01035 67,True,slecht
Stephanie Blair,2019-04-15,82169 40,True,goed
Robert Tucker,2016-03-19,61094 7,False,slecht
Heather Shea,2007-02-08,56498 48,True,goed
Catherine Ortiz,2017-07-05,76940 58,False,goed
Chad Huang,2016-02-03,72551 61,True,goed
Seth Davis,2018-09-26,63580 21,False,goed
Michael Butler,2016-01-23,82877 71,True,goed
Dale Ruiz,2007-07-17,16066 16,True,slecht
Travis Rojas,2012-08-30,68651 3,True,slecht
Angela Lopez,2017-12-23,14395 80,True,goed
John Long,2011-05-31,50779 3,False,goed
Michael Alvarado,2021-12-04,05601 50,True,goed
Bradley Rocha,2010-12-25,40286 87,False,slecht
Benjamin Morris,2005-05-13,23619 72,True,slecht
Angelica Sullivan,2016-11-16,78804 47,False,slecht
Jason Blake,2008-11-28,01310 86,False,goed
Tanya Benson,2014-09-25,18875 72,False,slecht
Robert Carter,2005-04-16,93963 48,False,slecht
Angela Fields,2021-01-26,05752 56,False,slecht
Lisa Trevino,2011-02-13,43252 2,True,slecht
Roger Reese Jr.,2010-06-11,74899 48,False,goed
Kenneth Thompson,2007-08-26,97036 38,True,goed
Brent Larson,2009-08-05,63768 89,False,goed
Charles Smith,2014-06-18,07906 19,True,slecht
Mark Johnson,2005-10-31,51827 14,True,goed
Brandy Stafford,2021-05-17,97057 4,True,goed
Tammy Stokes,2015-11-07,71973 81,True,goed
Jessica Torres,2015-05-15,29976 26,False,slecht
Andrea Gallegos,2016-10-10,04272 10,False,slecht
Robert Horton,2017-12-28,00690 98,False,goed
Tina Brock,2008-11-30,48361 94,False,slecht
Brittany Baker,2009-04-30,30421 47,True,goed
James Douglas,2015-04-06,59723 45,False,slecht
Pamela Jones,2009-02-11,34102 11,True,slecht
Melissa Patterson,2020-12-14,60453 83,False,goed
Sarah Mckenzie,2013-04-18,62170 77,True,slecht
Lauren Beck,2018-10-18,93001 65,False,slecht
Sergio Taylor,2022-04-02,93636 47,False,slecht
Dana Bailey,2005-10-03,15506 62,False,goed
Adam Jones,2015-06-30,20122 32,False,slecht
David Chase,2006-09-03,58525 74,True,goed
Michael Evans,2006-06-20,54956 38,True,goed
Maria Porter,2017-01-11,92256 70,True,slecht
Rachel Palmer,2005-12-12,58625 45,True,goed
Theresa Sanchez,2015-12-26,03422 42,False,slecht
Joseph Ellis,2019-05-16,80906 60,False,goed
Stephanie Carter,2019-04-24,78814 73,True,goed
Rhonda Carter,2018-09-20,70261 4,True,goed
Jerome Jensen,2018-10-27,76209 56,False,slecht
Curtis Ewing,2015-08-20,67120 58,True,goed
Alexandria Bryant MD,2015-10-06,84115 48,True,goed
Tanner Jacobs,2021-02-28,34389 62,True,slecht
Timothy Howard,2008-04-19,59495 38,True,goed
Linda Andrade,2016-07-14,04296 63,True,goed
Jose Maldonado,2014-09-04,38507 66,True,slecht
Laura Rogers,2011-01-23,48679 51,True,goed
Jodi Miller,2010-04-16,41395 74,True,slecht
Lynn Williams,2017-09-09,75878 45,False,slecht
Gwendolyn Boyer,2013-12-09,99698 22,True,slecht
David Peck,2009-02-02,80382 14,True,slecht
Jason Carroll,2015-12-18,55267 54,False,goed
Kyle Green,2018-01-17,32368 31,True,goed
Samantha Carson,2017-10-04,67249 35,False,goed
Marie Pope,2016-07-16,82519 65,False,slecht
Aaron Rodriguez,2012-10-16,67922 3,False,slecht
Troy Armstrong,2011-09-28,51542 29,False,goed
Colleen Romero,2004-05-21,77846 34,True,goed
Nicole Cole,2009-08-16,71570 60,True,goed
Amanda Montgomery,2015-10-15,42853 69,False,goed
Monica Conway,2015-04-26,03903 57,True,slecht
Alexis Jackson,2014-01-28,50489 93,False,goed
Zachary Lucas,2020-10-06,88364 67,True,goed
Anne Duncan,2019-01-28,60371 4,True,slecht
Connie Burgess,2013-10-24,66902 29,True,goed
Travis Gay,2010-11-08,88931 41,False,slecht
Matthew Mccoy,2013-06-23,14272 19,True,goed
Alex Campbell,2007-04-14,78264 80,True,slecht
Sharon Garcia,2018-09-22,82677 44,False,slecht
Ms. Donna Klein,2019-05-13,75312 100,True,goed
Juan Brown,2012-12-24,82901 42,False,goed
Tara Thompson,2016-05-10,10267 29,True,slecht
Heather West,2010-02-07,56960 20,False,goed
Rebekah Payne,2013-03-18,43632 73,False,slecht
Yolanda Castillo,2010-08-27,66213 38,False,slecht
Jill Phillips,2021-03-19,59089 74,True,slecht
Holly Hoffman,2008-02-28,78041 67,True,goed
Ashley Sloan,2011-02-04,28652 17,True,slecht
Cole Gordon,2013-11-03,49555 36,False,goed
Christopher Ryan,2021-06-10,43593 94,True,slecht
Joseph Davis,2018-04-23,63968 27,False,slecht
Sarah Sanchez,2006-06-17,27987 26,True,goed
Kimberly Mccormick,2007-04-26,58647 98,False,slecht
Darlene Snow,2011-03-30,38869 27,True,goed
April Rosario,2009-01-05,41273 18,False,slecht
John Alvarado,2019-07-27,58558 91,True,goed
Jesse Smith,2021-01-09,33430 97,False,goed
Andrew Chavez,2015-02-15,71388 14,True,slecht
David Davis,2007-08-24,51108 10,True,slecht
James Vincent,2009-10-06,44606 44,True,slecht
Jasmine Curry,2021-06-01,24832 91,True,goed
Jessica Smith,2010-03-16,72296 93,True,slecht
Michael Moore,2010-11-11,05734 54,False,slecht
Chad Perez,2017-12-14,27770 75,False,slecht
Pamela Leblanc,2019-04-11,00554 52,False,slecht
Lisa Taylor,2012-11-28,59428 17,True,goed
Brandon Browning,2011-03-05,98796 53,False,goed
Johnathan Blake,2014-05-09,55687 72,False,goed
Mr. Gary Lambert,2021-05-21,60227 17,False,goed
Emily Rose,2021-07-28,25631 35,False,slecht
Sonya Hoover,2015-09-18,38062 77,False,goed
Kevin Adams,2018-03-07,55308 30,False,goed
William Jones,2018-08-09,69558 85,True,goed
Timothy Smith Jr.,2022-01-26,67869 17,True,slecht
Joseph Jackson,2018-01-06,57920 85,True,goed
Laura Simmons,2019-04-19,47190 38,True,slecht
Robert Davis,2008-12-25,98311 61,True,slecht
Laurie Taylor,2022-04-07,82088 30,False,slecht
Shane Kennedy,2007-12-06,85749 8,False,slecht
Heather Evans,2021-03-27,74699 62,True,slecht
Travis Stewart,2010-01-17,31564 57,True,goed
Crystal Gutierrez,2019-03-20,86677 12,False,goed
Robert Taylor,2014-08-25,07729 58,False,slecht
Melinda Frederick,2020-05-18,84905 32,True,goed
Anthony Jones,2017-02-07,31968 50,False,slecht
Kathryn Howard,2008-10-24,68761 3,True,slecht
Cassandra Snyder,2012-10-19,66520 79,False,goed
Jessica Holloway,2020-06-27,04024 84,True,goed
Curtis Wood,2021-12-22,19588 77,True,goed
Kimberly Gutierrez,2008-11-20,83599 37,True,goed
Sarah Morgan,2019-07-10,43350 81,True,goed
Timothy Peterson,2021-02-18,09903 83,False,goed
Lisa Gates,2011-10-01,68555 79,False,goed
Ryan Brown,2011-04-04,27280 56,True,slecht
Jason Maddox,2013-02-19,60740 36,True,slecht
Frederick Russo,2018-05-04,38752 50,False,slecht
Travis Brown,2020-07-21,04404 23,False,goed
Patricia Huff,2013-04-06,02503 12,False,slecht
Melanie Collins,2008-08-26,19021 33,False,slecht
Robert Hobbs,2018-02-26,38352 33,False,slecht
Jamie Smith,2020-05-06,57667 39,False,slecht
Regina Patrick,2008-11-26,77997 76,True,goed
Lisa Brown,2010-05-15,40502 93,True,slecht
William Douglas,2013-11-22,30327 58,False,slecht
Bonnie Ramos,2008-02-11,87011 1,False,slecht
Christina Pruitt,2019-12-19,56843 48,True,goed
Teresa Clark,2006-06-14,65769 62,False,goed
Tammie Moore,2014-11-29,79710 37,True,goed
Laura Drake,2019-04-28,69586 41,True,slecht
Kevin Davidson,2006-11-11,22924 90,True,slecht
Anita Davis,2022-02-22,75672 17,True,goed
Nathan King,2019-05-17,71351 80,False,slecht
James Johnson,2018-05-27,49658 65,True,slecht
David Williams,2012-11-05,63437 28,False,slecht
William Cook,2015-11-30,23975 20,False,slecht
David Vazquez,2016-07-05,33764 17,False,slecht
Marie Edwards,2011-02-01,90030 64,True,goed
Bianca Thompson,2009-02-15,78683 8,False,slecht
Julie Burns,2013-04-28,30530 51,True,goed
Andrew Bell,2016-08-15,57819 29,True,goed
Denise Shepard,2013-02-19,62117 35,True,goed
Michelle White,2015-02-08,83455 56,False,goed
Christopher Cardenas,2021-11-15,19125 60,False,slecht
Erin Carter,2011-05-13,87440 7,True,goed
Suzanne Potts,2013-12-24,31997 63,False,goed
William Yoder,2011-10-26,12591 21,False,slecht
Teresa Miles,2016-01-16,75368 43,False,slecht
David Wilson,2021-09-20,85492 41,True,goed
Brandy Ferrell,2006-10-10,89190 62,False,slecht
Jason Davis,2021-12-21,51635 85,False,slecht
Sheri Myers,2011-11-02,82924 90,False,goed
Tyler Turner,2013-07-23,74419 3,True,goed
Daniel Hodge,2010-07-24,82892 50,False,slecht
Jonathan Martin,2018-07-18,76261 90,False,goed
Nicole Williams,2005-01-02,22346 9,True,goed
Rachel Howard,2009-06-09,45527 55,False,slecht
Angel Stein,2022-01-25,95152 5,True,slecht
Aimee Thompson,2010-05-23,69296 25,True,goed
Christopher Garcia,2005-08-16,81543 56,False,slecht
Benjamin Jones,2014-04-14,90164 50,True,goed
Chad Ross,2004-12-12,76074 40,True,slecht
Denise Butler,2020-11-13,44370 93,False,goed
Whitney Sanders,2018-10-15,74329 49,True,goed
Jacob Hernandez,2006-05-02,00866 43,False,goed
Nathaniel Fuller,2013-06-16,26188 10,False,slecht
Donna Williams,2020-08-11,04439 59,True,slecht
Carmen Gonzalez,2013-11-01,65084 21,True,slecht
Janice Davidson,2018-12-09,71586 77,True,goed
Michelle Howard,2020-04-10,16690 50,False,slecht
Joyce Cervantes,2007-09-07,93956 82,False,goed
Brenda Andersen,2008-10-28,81286 40,False,slecht
Cassidy Bryant,2014-07-23,54832 51,True,slecht
Jessica Lynch,2013-03-30,49374 100,True,goed
Stephanie Calhoun,2012-12-05,51401 30,True,goed
John Cook,2007-06-08,48521 38,True,slecht
Barbara Bailey,2012-03-26,42950 52,False,slecht
Alexis Bailey,2012-08-10,11437 9,True,goed
Christopher Johnson,2018-12-23,65388 91,False,goed
Jennifer Gutierrez,2004-06-23,78912 29,False,slecht
Patrick Smith,2014-06-16,80277 64,False,slecht
Shelley Ford,2005-08-05,47756 88,True,goed
Amy Weaver,2016-04-07,47037 79,True,slecht
Alexis Flores,2020-06-22,17784 42,True,goed
Tyler Bender,2012-07-21,26522 35,True,slecht
Jill Webb,2018-03-17,13625 49,True,slecht
Kelsey Thomas,2010-12-23,90468 95,True,slecht
Steven Green,2015-12-04,37381 81,True,slecht
Christopher Cortez,2021-03-06,02790 70,False,goed
David Doyle,2015-07-04,75711 74,False,goed
Catherine Carter,2010-05-21,95016 28,True,slecht
Jonathan Moore,2012-05-14,05021 36,True,slecht
Curtis Silva,2019-04-21,38911 39,True,slecht
Alyssa Evans,2007-05-22,00932 85,False,slecht
Joseph Thompson,2017-07-03,75765 92,True,slecht
James Rivera,2017-05-29,20567 22,False,slecht
Mrs. Autumn Collins,2005-09-13,72706 96,False,slecht
Heather Smith,2010-11-02,50524 37,False,goed
Tina Thompson,2011-10-06,45640 83,False,slecht
Kerry Jackson,2005-11-30,31574 40,False,goed
Kevin Simmons,2016-08-04,27133 50,False,slecht
Matthew Hoffman,2010-12-20,98986 61,False,slecht
Timothy Wheeler DDS,2014-12-10,48731 13,False,slecht
Dustin Sparks,2005-06-14,03122 3,False,goed
Michael Petersen,2015-08-23,91486 54,True,goed
Shawn Freeman,2018-02-18,78402 34,False,slecht
Mark Mejia,2008-01-20,58061 20,False,slecht
Heather Walters,2009-09-18,87564 33,True,goed
Logan Vang,2012-11-08,97916 41,False,goed
James White,2007-08-15,93986 30,True,slecht
Karl Jones,2019-10-22,80196 56,False,goed
James Mills,2009-11-06,36553 37,True,goed
William Dennis,2010-02-17,09931 68,True,goed
Annette Long,2021-05-31,50332 47,False,slecht
David Reynolds,2019-07-06,65656 72,True,goed
Max Haynes,2012-09-01,15053 15,True,goed
Tanner Erickson,2010-11-14,14314 55,False,goed
Shane Hammond,2021-09-20,79140 48,False,goed
Amber Miller,2010-04-11,11867 84,False,slecht
William Freeman,2014-01-14,40419 84,True,slecht
James Watts,2015-08-03,05694 95,True,goed
Caitlin Walker,2010-08-10,56645 20,True,slecht
Jessica Fisher,2013-02-16,01397 29,True,slecht
Laura Hammond,2016-09-19,82831 74,True,slecht
Juan Mccarthy,2014-03-22,92832 87,True,goed
Victor Perez,2005-08-29,59624 52,False,slecht
George Morgan,2008-06-25,82273 84,False,slecht
Jake Cordova,2018-02-15,29482 55,False,slecht
Michelle Watson,2016-07-29,97811 6,False,goed
David Poole,2011-02-10,16679 44,False,slecht
Kaitlyn Mcintyre,2014-02-20,81029 43,False,slecht
Dean Baker,2004-06-29,65142 34,True,goed
Sarah Hampton,2009-03-08,35803 18,True,goed
Bryan Cox,2019-03-02,22441 31,True,goed
Gary Johnson,2008-12-12,42685 89,False,slecht
Guy Rivas,2016-12-25,41766 85,False,slecht
Tamara Nelson,2011-03-14,73999 33,True,goed
Kristen Reyes,2015-12-06,78917 32,True,slecht
Mary Rodriguez MD,2009-08-19,97355 29,False,slecht
Angela Griffith,2005-03-29,81893 53,True,goed
Jessica Murphy,2012-10-06,68955 92,True,slecht
Christopher Roberts,2010-04-13,80875 69,False,goed
Gerald Foster,2005-07-04,70695 90,False,slecht
Chelsea Cooley,2012-05-21,88996 17,False,slecht
Matthew Lane,2005-09-02,67308 50,True,slecht
Brandon Young,2020-12-31,87015 2,True,goed
Sandra Nelson,2011-04-19,46082 26,False,goed
Jose Brown,2005-08-12,96395 28,False,goed
Sarah Curry,2004-05-12,00858 44,False,slecht
Travis Knight,2016-03-04,28615 87,False,slecht
Kevin Brown,2008-10-17,65650 92,True,goed
Isaac Chapman,2013-09-17,98720 72,False,goed
Jennifer Brown,2019-03-28,57073 43,True,goed
Aaron Combs,2008-12-08,03936 42,True,slecht
Jason Clark,2019-04-04,81267 33,True,slecht
Catherine Nelson,2016-01-02,98123 22,False,slecht
Derek Woods,2008-12-27,93332 91,True,goed
Kathy Knapp,2011-12-06,45117 14,False,goed
Elizabeth Browning,2010-05-28,35496 32,True,slecht
Jacqueline Wilson,2018-12-17,70663 36,False,slecht
Steven Wright,2022-02-08,30810 8,False,goed
Michael Gordon,2006-07-17,12535 72,False,goed
Amy Pruitt,2015-03-01,73470 80,False,slecht
Kathy Gill,2013-08-23,13052 86,False,slecht
Rebekah Villanueva,2020-06-17,31971 89,True,goed
Timothy Maynard,2016-01-06,10235 22,False,goed
Kathleen Underwood,2004-05-17,88343 95,False,goed
Scott Potter,2014-12-16,93751 55,True,slecht
Natalie Beltran,2013-07-02,98116 55,False,goed
Sarah Contreras,2014-04-29,42056 9,True,slecht
Joanna Garcia,2014-10-21,41091 55,False,slecht
Maurice Davis,2022-01-26,43510 55,False,goed
Jennifer Pearson,2006-02-27,69043 39,True,slecht
Bobby Davis,2006-09-21,83389 2,True,slecht
Maria Blevins,2015-06-06,73933 18,False,goed
Evan Cook,2008-11-18,52285 37,False,slecht
Raymond Dennis,2021-01-13,58927 30,True,slecht
Isabella Walsh,2009-10-06,33694 6,False,slecht
Brittany Moses,2013-09-26,59850 91,True,goed
Christopher Reed,2022-04-20,82487 91,False,slecht
Isaac Crane,2009-03-04,45807 30,False,goed
Wayne Evans,2020-09-04,70282 37,True,slecht
Sandra Price,2007-08-26,12020 29,True,slecht
Thomas Goodwin,2007-11-16,21550 69,True,goed
Noah Miller,2006-08-09,60476 17,True,slecht
Michael Richardson,2011-08-30,54192 5,True,goed
Tanner Cummings,2017-04-18,90201 78,True,goed
Derek Flores,2006-04-09,25267 48,True,slecht
Evelyn Anderson,2004-05-13,90235 42,False,goed
Michael Klein,2007-10-15,44938 97,False,goed
Shelly Scott,2010-12-08,94964 1,False,slecht
Cheyenne Brown,2014-07-13,61644 58,True,slecht
Michele Hebert,2016-12-18,31459 46,False,goed
Amanda Mercer,2012-03-12,50449 44,True,slecht
Thomas Miller,2007-04-25,81550 63,True,slecht
Kimberly Jacobson,2015-05-31,79738 69,False,slecht
Adrienne Moon,2010-08-17,56146 60,True,goed
Edward Stanley,2012-05-18,19738 79,False,goed
Lisa Kennedy,2017-03-05,92385 76,True,slecht
Justin Stephens,2015-07-02,91490 15,True,slecht
Roy Gilbert,2020-03-21,98573 66,False,slecht
Renee Jacobs,2012-05-14,97362 31,False,slecht
Eileen Young,2009-08-29,77875 45,True,goed
Shelly Gibson,2021-06-18,06503 62,True,goed
Carly Bryan,2017-02-23,66407 79,False,slecht
Rebecca Brandt,2013-07-09,13689 24,True,goed
Aimee Jackson,2021-08-21,94060 2,True,goed
Frederick Ray,2012-03-26,26341 74,True,slecht
Melissa Gould,2004-11-28,27840 63,True,goed
Eric Farley,2007-06-08,61212 100,True,slecht
Julia Grant,2006-06-23,64816 60,False,slecht
Krista Kim,2021-01-23,85435 40,True,slecht
Brady Cooper,2006-07-26,57042 42,False,goed
Paul Smith,2016-12-22,76361 9,True,goed
Joel Johnson,2021-06-13,25611 73,False,slecht
Mrs. Annette Adams,2006-07-08,64508 71,False,goed
Brittany Mccormick,2017-12-16,99816 88,True,goed
Melissa Brown,2021-10-02,04020 80,False,goed
Lee Heath,2007-01-22,49869 97,True,slecht
Ryan Estes,2004-05-23,71980 98,True,goed
James Rivera,2007-06-18,30903 4,True,slecht
Shawn Calhoun,2020-06-08,23240 12,False,goed
Stephanie Gardner,2007-03-24,27605 36,False,slecht
Joe Vasquez,2016-12-25,92567 61,False,goed
Leslie Barnes,2012-11-12,93436 82,False,goed
Ashley Burgess,2007-10-21,38585 94,True,goed
Lisa Johnson,2017-07-16,71671 26,False,slecht
Mrs. Amy Kent,2017-10-06,96337 3,False,slecht
Andrew Cochran,2009-05-21,76696 76,False,goed
Kaitlyn Smith,2014-06-04,72151 4,False,slecht
Kyle Reed,2017-04-18,82052 22,True,goed
Charles Lee,2017-10-03,47513 22,True,goed
Michael Jones,2012-06-22,74659 82,True,goed
Stacey Green,2011-01-24,75872 10,False,goed
Julie Diaz,2020-06-13,90641 69,True,slecht
Rachel Baker,2022-05-09,22593 37,True,slecht
Stefanie Underwood,2008-02-20,25211 90,False,slecht
John Rush,2004-12-01,29793 34,False,slecht
Sheila Reynolds,2020-11-16,03635 95,False,slecht
Martin Howell,2005-04-15,61331 10,False,slecht
Aaron Johnson,2017-02-03,08331 27,True,slecht
Donna Liu,2022-01-17,57333 10,True,slecht
Tonya Parks,2005-06-07,45943 30,True,slecht
Arthur Carpenter,2012-08-29,51683 27,True,goed
Taylor Graves,2016-06-22,47217 8,False,slecht
Jason Watson,2011-05-12,34265 78,True,slecht
Daniel Roth,2017-09-14,99918 5,True,goed
Allison Ortiz,2016-01-28,23299 6,True,goed
Pamela Key,2013-04-02,63564 42,False,slecht
Barbara Bell,2012-08-27,22282 41,False,slecht
Shannon Kane,2018-12-31,19491 63,False,goed
Mary Bryan,2019-03-20,16710 84,True,slecht
Gordon Vincent,2014-01-24,43589 55,True,goed
David Boyd,2013-01-13,46050 19,True,goed
Amy Hebert,2008-08-25,45849 81,False,goed
Robert Green,2009-10-18,66721 43,True,goed
Lauren Day,2009-04-12,62424 61,False,goed
Gabriel Byrd,2013-07-01,49543 4,False,goed
Sarah Gordon,2013-12-02,52734 19,False,slecht
Amy Lambert,2010-10-06,22645 49,True,slecht
Eddie Howard,2004-11-02,53554 73,False,goed
Monica Nunez,2019-12-26,39198 34,False,slecht
Dr. Robert Nichols,2018-09-02,64777 3,False,slecht
Megan Lopez,2013-10-01,94490 22,True,goed
Heather Chen,2005-05-05,76856 57,False,slecht
Morgan Rios,2021-07-31,26002 3,False,goed
Andres Ritter,2013-05-24,15056 53,True,slecht
Julie Bell,2017-09-23,51484 89,True,slecht
Jimmy Gutierrez,2013-12-20,19911 5,False,goed
Robert Edwards,2007-11-22,85894 19,True,slecht
Samantha Walker,2017-01-24,71320 64,True,goed
Nancy Sullivan,2012-07-07,16730 71,True,slecht
Jermaine Hubbard,2013-10-16,03390 22,False,goed
Elizabeth White,2019-05-06,88640 24,False,slecht
Joseph Frye,2015-03-10,58888 56,False,slecht
Jeremiah Wilson,2006-11-30,86494 29,True,goed
Samantha Smith,2008-01-14,56228 23,True,goed
George Wilson,2015-02-26,22398 69,True,goed
Susan Russell,2021-10-31,60046 45,False,goed
Jacob Everett,2013-12-18,08757 61,False,goed
Emily Olsen,2021-05-11,80990 8,True,slecht
Sheryl Johnson,2019-12-26,18770 6,True,goed
Ruben Vasquez,2014-04-08,26838 62,False,slecht
Lisa Wright,2007-01-05,22322 100,False,goed
Ricky Jackson,2021-08-06,41836 13,False,slecht
Jessica Hunter,2009-07-23,77804 35,False,goed
James Mendez,2018-01-12,59088 92,False,goed
Ann Crosby DDS,2007-03-29,33613 27,True,slecht
Dr. Kenneth Lynch DDS,2015-03-26,90988 47,False,slecht
Michael Olson,2014-10-07,31084 9,False,goed
Crystal Trujillo,2011-02-16,29223 46,True,slecht
Sarah Brock,2011-10-26,88546 28,True,goed
Teresa Brooks,2014-02-15,43571 8,True,goed
Brenda Brown,2004-05-17,61756 6,True,slecht
Steven Burke,2016-01-11,66019 88,True,goed
Peter Martin,2017-03-04,98477 19,False,goed
Sharon Wilson,2011-05-23,32801 1,True,slecht
Jasmine Hunt,2010-04-14,52122 9,True,slecht
Alejandra Hinton,2013-10-16,81686 61,True,slecht
Nicholas Collins,2017-01-13,13320 24,False,slecht
Lance Clark,2014-06-01,18625 4,True,slecht
Amy Mcpherson,2009-05-27,30192 58,True,slecht
Sarah Cherry,2009-05-18,34227 24,True,slecht
Gregory Wilson,2021-09-07,19903 4,False,slecht
Collin Crane,2005-12-05,02224 47,False,slecht
Elizabeth Smith,2017-05-15,79497 83,False,goed
Denise Warren,2014-07-01,23617 74,True,goed
Matthew Gomez,2016-04-26,09547 2,False,slecht
Tanya Sims,2007-02-11,60245 8,False,slecht
Adam Warren,2015-05-28,82902 18,False,goed
Jeffrey Singh,2005-11-20,85481 42,False,goed
Frederick Morgan,2011-08-12,40226 25,True,slecht
Heather Beasley,2015-03-17,35136 35,False,goed
Marissa Wright,2012-02-02,54845 67,True,slecht
Anthony Johnson,2009-01-27,13851 20,False,slecht
Joseph Miller,2004-05-31,90342 32,True,slecht
Alexa Ball,2010-06-16,73904 64,True,goed
Ricky Davis,2016-01-11,18780 8,False,slecht
Haley Lee,2012-05-08,71720 80,False,slecht
Hannah Sanders,2017-02-01,41326 28,True,slecht
Christine Powers,2011-02-22,80068 2,True,slecht
Tina Sanders,2019-10-05,78573 50,True,goed
Ryan Boyd,2020-02-25,92580 68,False,slecht
Travis Lee,2018-08-05,13446 98,True,goed
Phyllis Smith,2015-07-06,85925 97,False,goed
Kevin Martin Jr.,2017-10-22,32462 2,False,slecht
Alicia Mayo,2020-07-24,12670 13,True,goed
Wendy Wagner,2021-02-17,67394 26,True,slecht
Jamie Young,2013-08-21,28835 71,False,slecht
Robert Cole,2006-04-09,52810 23,True,goed
Megan Lee,2016-09-25,24049 6,False,slecht
Olivia Dawson,2015-08-10,67851 94,False,goed
Gregory Washington,2009-07-26,37157 76,False,goed
Alexander Williams,2020-10-18,56869 57,False,slecht
Amy Mills,2021-03-17,16624 44,True,slecht
Krista Baker,2018-11-02,25425 27,True,goed
Raymond Dawson,2011-09-16,65468 82,False,slecht
Jeremy Andrade,2021-03-04,24855 72,False,goed
Christopher Rodriguez,2015-07-22,21822 12,True,slecht
Stacie Robinson,2020-03-22,56933 60,False,slecht
Steven Young,2009-10-21,40207 46,False,slecht
Brittney Mcgee,2007-05-09,08162 61,False,slecht
Tara Stephenson,2016-10-01,57322 25,False,goed
Theresa Lucas,2018-09-19,99113 37,False,goed
Charles Miller,2011-12-01,07057 63,True,slecht
Jessica Rodriguez,2007-12-25,98101 34,False,goed
Jonathan Duncan,2014-12-23,47128 35,True,slecht
Lisa Gillespie,2004-10-24,61861 46,False,slecht
Mackenzie Adams,2022-01-25,43398 34,False,goed
Diana Rodriguez,2010-04-19,55401 43,True,goed
Michael Wilkins,2010-09-29,05810 49,True,goed
Russell Williams,2013-10-23,46059 2,False,goed
Michele Hunt,2016-10-03,55658 13,False,goed
Leslie Oconnor,2006-10-31,52472 33,False,slecht
Jennifer Smith,2021-05-03,03915 28,True,slecht
Carolyn Mosley,2021-10-18,34997 100,False,goed
Rebecca Williams,2020-08-20,18570 57,False,slecht
Sara Johnson,2008-10-21,57382 14,False,goed
Lance Williams,2013-04-16,26845 81,False,goed
Timothy Johnson,2022-01-06,42213 100,True,goed
Mary Gray,2015-11-11,21282 57,True,goed
Mackenzie Alvarez,2015-10-16,79210 23,False,goed
Holly Stewart,2015-06-03,83827 44,True,slecht
Suzanne Rodriguez,2010-05-10,61617 10,True,goed
Kim Curtis,2012-05-31,13857 10,False,goed
Lindsay Cross,2019-07-03,07241 81,False,slecht
Richard Brown,2012-08-18,16131 33,True,goed
Tammy Wilson,2004-05-29,74726 63,False,goed
Brandon Barr,2015-06-08,14342 48,True,goed
Nicholas Warren,2022-03-10,13460 11,True,goed
Julie Wright,2016-05-10,71172 9,True,goed
Jessica Hall,2012-05-11,90614 38,False,goed
Scott Robinson,2015-09-05,38055 77,False,slecht
Laura Bell,2015-01-09,18236 67,False,slecht
Jeffrey Thomas,2007-10-17,91097 48,False,goed
Joseph Richardson,2011-12-12,69126 95,False,slecht
Caleb Scott,2015-10-05,84062 14,True,slecht
Lucas Mullen,2012-12-03,11407 38,True,goed
Richard Mckay,2022-05-08,49061 50,True,slecht
Steven Richardson,2015-05-01,59223 17,True,goed
James Cook,2020-12-12,39130 91,False,goed
Gregory Miller,2007-05-25,38466 44,True,slecht
Mitchell Moon,2017-04-18,15762 27,False,slecht
Jason Warner,2007-04-25,00745 7,True,goed
Joseph Brown,2018-10-30,22247 55,False,goed
Melanie Sutton,2012-06-16,93062 93,False,goed
Nicole Webb,2015-09-13,30038 37,True,goed
Lawrence Wells,2014-09-18,85317 74,False,goed
Joseph Valdez,2011-09-19,10901 99,False,slecht
Michelle Jones,2004-09-06,15472 43,True,goed
Michael Charles,2009-03-13,38471 70,False,slecht
Julie Smith,2006-09-20,08911 43,False,goed
Timothy Solomon,2008-06-28,78430 74,False,goed
Anna Wright,2008-01-27,65152 77,True,goed
Jonathon Garrison,2014-09-12,66022 65,False,goed
Evan Cooke,2008-11-13,85066 72,True,slecht
Joanne Smith,2017-05-26,91410 28,False,goed
Kristin Green,2013-09-01,09743 22,True,goed
Lisa Good,2013-01-09,93680 53,True,goed
Laura Luna,2016-07-15,41990 56,True,goed
John Grant,2012-08-18,72784 33,False,slecht
Mary Yang,2018-02-02,53205 2,True,goed
Ashley Jackson,2009-02-11,38165 58,True,slecht
Timothy Wright,2011-01-23,83188 13,True,goed
Nicholas Villanueva,2013-05-18,02093 93,False,goed
Tonya Hogan,2012-09-23,19558 2,True,goed
Lorraine Finley,2009-02-25,92242 21,True,goed
Tonya Gray,2007-11-18,60730 43,False,goed
Christopher Bailey,2008-08-04,77605 37,True,goed
James Sullivan,2020-03-14,53463 11,True,slecht
Amber Alexander,2021-02-05,51783 59,True,goed
Joseph Greene,2009-11-02,85207 13,False,slecht
John Parks,2008-06-02,23242 50,False,slecht
Andrew Nelson,2009-06-07,62875 34,False,slecht
Henry Johnston,2022-02-01,88403 43,False,goed
Raymond Delacruz,2006-04-08,45718 58,True,goed
Robert Miller,2015-02-16,74425 78,False,goed
Drew Miles,2006-10-18,08942 41,True,goed
Nathan Donovan,2012-07-21,57241 34,True,goed
Brandon Conner,2006-10-16,86293 17,True,slecht
Patricia Brown,2010-01-03,79958 36,True,slecht
Brandon Jackson,2011-11-02,64483 39,True,goed
John Austin,2007-01-30,70819 100,True,goed
Amy Odom,2006-03-21,37332 17,False,goed
Jason Martin,2009-11-04,67141 54,True,slecht
Sarah Rivas,2010-10-04,91620 54,False,slecht
Nicholas Holloway,2021-04-19,46450 69,True,slecht
Allen Bryant,2004-09-07,54672 1,False,slecht
John Charles,2019-09-10,61302 8,False,slecht
Patricia Haynes,2008-10-10,39614 6,True,slecht
Travis Mora,2010-05-19,30973 12,True,goed
Hailey Huff,2004-11-25,02303 2,False,slecht
Stephen Davis,2018-10-27,83455 45,False,slecht
Victoria Johnson,2021-03-09,36727 76,True,slecht
Willie Jenkins,2012-04-10,18298 98,True,goed
Joyce Jackson,2008-11-08,61722 63,False,slecht
Andrea Woods,2006-07-22,98350 92,False,slecht
Bridget Hurley,2013-07-07,36985 93,False,slecht
Michelle Garner,2004-09-06,36315 71,False,goed
Melissa Romero,2015-03-24,16349 68,True,goed
Fernando Richard,2022-03-28,62209 58,True,slecht
Charles Fitzpatrick,2012-03-09,32961 78,False,slecht
Christopher Brown,2017-07-05,33983 79,False,goed
Sean Mckee,2010-08-13,09755 24,False,goed
Chelsea Curry,2004-11-09,87233 19,False,goed
Jesse Galloway,2010-12-13,72562 23,False,goed
Sandra Charles,2018-09-15,41539 100,True,goed
Jonathan Hansen,2009-05-28,76119 8,True,slecht
Nicole Pacheco,2006-10-05,33869 79,False,slecht
Justin Paul,2017-11-06,37749 34,True,slecht
Christian Webster,2021-10-14,45334 20,True,slecht
Cody Robertson,2019-10-26,60738 10,False,goed
Joyce Skinner,2009-01-22,81363 64,True,goed
Michael Huffman,2013-07-03,35226 64,True,goed
Fred Miller,2021-08-11,58727 32,False,goed
Christopher Moses,2016-03-25,28971 1,True,goed
Jamie Huff,2015-07-30,09518 40,False,slecht
Hannah Davis,2017-12-19,62611 52,True,slecht
Brandon Smith,2012-07-15,49654 90,True,goed
Caitlyn Nash,2005-11-19,87952 45,True,slecht
Devon Long,2005-01-22,73248 18,False,goed
Cassandra Anderson,2008-08-14,12459 56,True,slecht
Margaret Travis,2008-02-02,09438 47,False,slecht
Ian Clayton,2020-04-23,03658 21,False,goed
Brandy Moore,2007-05-04,71208 62,True,slecht
Sabrina Dawson,2015-11-01,58067 71,False,goed
David Davis,2016-09-04,19180 10,False,slecht
Amanda Zavala,2011-07-02,50909 34,True,goed
Christopher Burns,2017-07-16,77739 89,True,slecht
Brandon Howell,2011-08-07,47925 91,False,goed
Jessica Brown,2009-12-02,42337 67,False,slecht
Kelsey Baker,2015-03-09,83097 7,False,goed
Maria Moss,2008-03-05,57112 39,True,goed
David Roman,2019-06-21,72581 72,True,slecht
Justin Perry,2010-10-07,30906 86,True,slecht
Scott Shaw,2011-11-20,28449 17,True,goed
Victoria Mcguire,2020-03-10,62877 70,True,slecht
Diane Stevens,2011-01-11,13005 68,False,goed
Philip Perez,2019-04-30,35890 62,False,goed
Christopher Garcia,2010-10-04,14320 48,True,slecht
Pamela Bates,2020-06-20,77916 11,False,goed
James Jones,2006-04-16,65341 65,False,goed
Cody Shaffer,2004-09-12,95777 16,True,slecht
Stanley Barber,2012-01-20,36288 59,True,slecht
Billy Mckee,2016-10-07,99586 16,False,slecht
Donald Hernandez,2005-09-02,16969 80,True,goed
Luke Delgado,2018-06-23,83156 29,True,slecht
Michael Wong,2009-10-05,54954 25,True,slecht
Jeffrey Taylor,2019-01-09,68879 39,True,slecht
Daniel Edwards,2015-08-21,72090 18,False,goed
Mary Cooper,2012-08-23,94055 40,True,slecht
Kimberly Ortiz,2008-12-24,44468 41,False,slecht
Lisa Beck,2018-12-10,72770 49,False,slecht
Sandra Brown,2014-10-10,91124 65,False,slecht
Amy Chandler,2008-12-12,95326 81,False,slecht
Stephanie Owens,2016-10-11,64136 100,True,slecht
Traci Stewart,2019-04-10,41458 27,False,slecht
Peter Kim,2007-06-03,95471 36,True,goed
Rose Maldonado,2011-11-05,72556 59,False,slecht
Sabrina Mills,2008-02-27,89483 71,False,goed
Andrew Greer,2022-04-12,39761 45,True,goed
Hector Williams,2020-01-15,41128 55,False,slecht
Hannah Campbell,2014-10-24,44538 98,True,goed
Michael Flowers,2015-03-04,78156 97,False,goed
Brian Bell,2011-11-27,91139 7,True,goed
Cheryl Taylor,2018-06-13,62013 90,True,goed
Heather Lynch,2017-12-31,81902 56,True,goed
Adrian Kramer PhD,2020-02-05,28499 59,False,slecht
Terry Barrett,2009-03-14,29715 52,False,slecht
Tina Delacruz,2013-07-05,32614 18,True,goed
Steven Williams,2015-09-10,98294 71,True,slecht
Jessica Bowers,2010-09-23,04585 17,True,slecht
Dr. Matthew Mitchell,2014-10-13,17158 20,False,goed
Jason Walker,2010-09-12,37016 16,False,goed
Jennifer Diaz,2004-07-03,57136 19,False,goed
Abigail Ruiz,2014-10-25,75641 89,True,slecht
Jeffrey Anderson,2015-07-27,15333 68,False,goed
Mr. Robert Duran IV,2013-06-05,82617 54,True,slecht
Adrienne Nguyen,2020-10-17,51673 21,False,goed
Robert Wilkerson,2017-09-22,65780 50,False,goed
Katrina Boyer,2020-04-27,68019 58,False,slecht
Timothy Wood,2007-01-21,77963 45,True,goed
Joshua Eaton,2011-10-23,88990 5,True,goed
David Walker,2018-10-30,62353 82,True,slecht
Lee Bradley,2010-01-22,61614 45,True,slecht
Brittney Chapman,2021-01-08,22499 47,False,slecht
Christopher Lewis,2019-10-03,90918 26,True,goed
Amanda Jones,2018-05-19,54979 46,True,slecht
Julia Nunez,2005-11-24,04416 26,True,goed
Paul Richardson,2005-08-18,61591 1,False,slecht
James Osborn,2019-07-05,38541 30,False,goed
Melissa Fernandez,2014-07-23,50251 68,True,goed
Matthew Glover,2014-02-20,14763 65,True,goed
Steven Moreno,2011-02-13,70264 50,False,goed
Brett Hernandez,2021-10-31,35127 44,False,goed
Mark Lopez,2017-11-19,99705 41,True,goed
Keith Beasley,2014-01-02,71950 8,False,goed
William Jackson,2005-12-18,15571 77,False,goed
Grace Reyes,2016-09-17,82493 94,False,slecht
Sandra Evans MD,2015-12-29,28470 62,False,goed
George Taylor,2009-04-09,22366 99,True,slecht
Holly Norman,2010-10-08,15113 55,True,slecht
Raymond Patterson,2013-10-07,91107 40,True,slecht
Karina Willis,2019-01-13,42342 76,False,goed
Christina Robinson,2013-04-30,43237 35,True,goed
Juan White,2009-07-30,66421 13,True,goed
Mr. Benjamin Abbott,2009-02-23,08237 23,True,goed
Carla Schneider,2018-04-16,53113 99,True,slecht
Lauren Bennett,2020-11-12,62631 27,True,goed
James Snow,2004-11-25,73261 54,True,slecht
Sarah Hamilton,2015-11-12,20094 85,False,goed
Bradley Padilla,2005-05-02,94968 73,False,slecht
Randy Donovan,2013-08-13,14891 74,False,slecht
William Jenkins,2007-09-20,41913 61,True,slecht
Arthur Walker,2019-11-17,27626 7,False,goed
Jodi Jackson,2013-04-20,72318 38,False,goed
Derrick Taylor,2005-01-25,16049 12,False,slecht
Aaron Jenkins,2020-11-30,47052 93,True,goed
Calvin Reyes,2011-09-05,72707 61,True,slecht
Kimberly Murray,2007-07-28,77870 79,False,goed
Brian Chandler,2014-11-10,40715 5,True,goed
Timothy Reynolds,2018-12-01,00876 90,False,goed
Joseph Scott,2007-04-23,24868 20,False,slecht
Michael Murillo,2018-05-29,60268 93,False,slecht
Benjamin Jordan,2004-10-23,39937 55,True,goed
Edward Chapman,2018-01-13,80611 44,True,slecht
Lindsey White,2015-07-21,18537 76,True,goed
Nichole Cunningham,2013-08-16,76403 9,True,goed
Trevor Webb,2005-03-01,46772 63,False,slecht
Kyle Smith,2013-01-11,84400 96,False,slecht
Jacob Williamson,2015-01-30,69076 81,False,goed
Kiara Church,2020-01-11,51052 45,True,slecht
Tracey Johnson,2007-06-17,51681 56,False,slecht
Diane Smith,2010-01-08,10496 3,True,slecht
Jeffery Washington,2012-10-06,12240 40,False,slecht
Amy Jordan,2011-07-06,95716 10,False,slecht
Joseph Anderson,2012-08-11,34095 21,True,goed
David Brown,2004-09-08,31536 33,True,slecht
Allison Campbell,2008-04-23,66872 51,False,slecht
Elizabeth Pearson DDS,2006-07-25,62892 80,True,goed
Adam Hammond,2006-09-21,88162 47,False,goed
Charles Elliott,2011-10-26,26065 21,False,slecht
Sean Griffin,2019-10-04,85967 79,False,slecht
Johnathan Hicks,2013-09-09,84854 53,False,slecht
Beverly Morris,2021-10-08,85197 86,True,goed
Ricardo Washington,2018-09-23,71814 41,True,slecht
Desiree Hunter,2013-06-16,51146 79,True,slecht
Amy Horton,2009-12-16,33730 26,True,slecht
Tamara Hammond,2008-11-20,71594 98,True,goed
Andrea Coleman,2019-07-15,38027 78,True,goed
Theresa Goodman,2007-06-12,73848 60,True,slecht
Dawn Estes,2009-12-20,11010 15,False,goed
Gregory Dunn,2017-05-29,44853 79,True,slecht
Shawn Jimenez,2018-10-03,53881 63,True,goed
Tanya Taylor,2005-03-07,55122 46,True,slecht
Donald Myers,2021-03-28,09402 88,False,slecht
Kelly Rangel,2006-05-29,37378 86,False,goed
Kathleen Arnold,2015-03-06,20365 69,True,goed
Brian Mcgee,2009-12-12,65778 96,False,goed
Scott Young,2019-01-25,68138 15,False,goed
Thomas Martinez,2021-01-08,65582 67,False,slecht
Molly Moore,2014-08-14,96004 75,False,goed
Jared Martin,2008-06-28,63162 98,False,slecht
Kyle Wallace,2017-09-10,14007 65,True,slecht
Kimberly Nelson,2006-08-25,07703 55,True,goed
Shelby Williams,2006-01-01,34995 51,True,slecht
Catherine Howell,2012-02-11,52692 57,False,goed
Adam Hall,2007-02-09,48283 18,True,goed
Joseph Sullivan,2004-08-28,25462 62,False,slecht
Rachel Willis,2015-01-13,17738 13,False,slecht
Jacob Barnett,2006-12-01,70653 23,False,goed
Pam Wise,2004-08-01,81442 72,False,slecht
Brian Kent,2011-09-01,22463 92,False,goed
Joseph Scott,2021-02-09,70094 39,False,goed
Angela Ponce,2019-10-19,19311 25,False,slecht
Jessica Henderson,2005-12-19,08174 97,False,slecht
Anita Briggs,2016-09-01,50037 83,False,slecht
Daniel Perez,2019-07-15,42294 40,False,slecht
Christopher Campbell,2012-08-12,65858 69,True,slecht
Lisa Thomas,2021-03-14,81332 61,True,slecht
Kevin Johnson,2014-10-20,44614 97,False,goed
Zachary Grimes,2009-02-18,03433 55,True,goed
Crystal Leach,2011-08-13,15886 93,False,slecht
Dylan Hughes,2008-03-07,82294 70,True,goed
Richard Wright,2015-03-10,16633 47,False,goed
Kristina Thompson,2012-07-29,16867 23,True,slecht
Janet Byrd,2011-11-23,27775 6,True,slecht
Nicole Reed,2016-02-19,19731 22,True,goed
Victor Walker,2021-06-17,08495 26,False,goed
Brad Cooper,2008-03-31,40904 16,False,slecht
Amy Myers,2005-05-24,17336 85,True,goed
Kara Burns,2004-07-22,51836 42,True,slecht
Larry Garrett,2021-06-15,62095 29,True,goed
Matthew Dalton,2004-12-08,51371 64,False,slecht
Melissa Robinson MD,2019-05-22,01608 42,True,goed
Alexander Goodman,2012-04-27,61225 74,False,goed
Kayla Perkins,2009-05-27,34198 94,True,goed
Kelly Michael,2007-06-30,38948 13,False,goed
Michael Fisher,2011-08-12,10662 30,False,goed
Melinda Holloway,2020-02-17,59077 94,True,slecht
Judith Ellis,2021-06-13,45610 71,True,slecht
Chelsea Oliver,2014-07-08,87156 28,False,goed
Bryan Fisher,2013-01-25,67421 93,True,goed
Catherine Ray,2010-02-06,79490 94,True,slecht
Dalton Duran,2012-03-27,90974 38,True,goed
Ronald Wright,2013-06-23,11991 49,False,goed
Stephen Payne,2011-10-27,41506 74,False,goed
Nathaniel Salazar,2017-08-14,96558 29,True,slecht
Dennis Thompson,2012-02-22,07868 14,True,goed
Megan Kirk,2008-11-18,03488 40,True,slecht
Kimberly Hughes,2016-10-04,10821 25,False,goed
Mary Cannon,2021-06-25,45778 17,False,goed
Troy Coleman,2006-08-28,84755 21,False,slecht
Dr. Walter Campbell,2012-05-10,40360 53,True,slecht
Tammy Brown,2020-03-27,94026 74,False,goed
Angela Hoover,2008-06-05,08991 98,False,slecht
Christina Greene,2020-09-11,03425 100,False,slecht
Matthew Chavez,2008-03-28,62813 69,True,slecht
Jordan Hughes,2020-09-26,06168 3,False,goed
Sarah Rush,2019-06-30,42403 41,True,goed
Joshua Smith,2004-09-11,51251 91,True,slecht
Mrs. Martha Clark,2016-11-13,94919 17,True,goed
Sheila Glass,2021-02-06,01609 94,False,slecht
Tammy Hess,2009-08-20,28906 59,True,goed
Michael Gibbs,2022-01-27,14107 15,True,goed
Jesse Morton,2013-02-16,10652 32,False,slecht
Courtney Robles,2015-03-14,85840 5,True,slecht
Andrea Summers,2021-10-09,27966 50,True,slecht
Aaron Curry,2015-10-28,40649 13,True,goed
Belinda Mueller,2018-09-24,59813 41,True,slecht
Sean Koch,2015-01-04,35255 20,False,goed
Joann Daniel,2018-09-14,79668 80,False,slecht
Zachary Soto,2010-08-09,96180 6,False,goed
Stanley Mason,2009-08-12,08167 17,True,goed
Melissa Greene,2015-04-22,63460 31,True,goed
Shelley Day,2017-09-20,51721 55,True,slecht
Garrett Cobb,2016-12-23,94858 40,False,goed
Victor Ruiz,2011-02-15,29824 31,True,goed
Mr. Aaron Smith,2017-04-08,66622 14,True,goed
Kimberly Payne,2005-12-11,34752 74,False,slecht
Carrie Gonzalez,2015-11-22,20066 51,False,slecht
Kimberly Mathis,2020-10-25,10519 47,True,slecht
Michael Johnston,2015-01-05,46983 47,False,goed
Theresa Smith,2021-04-05,09505 22,True,slecht
Jacqueline Williams,2006-09-26,29717 49,True,slecht
Cody Fleming,2019-05-07,08538 3,True,goed
Laura Foster,2010-05-18,98952 92,True,goed
Dr. Jeffrey Fuller,2020-04-05,51985 7,True,slecht
Nicholas Fernandez,2014-05-09,72783 52,True,slecht
William Matthews,2008-06-28,42622 69,False,goed
Christopher Carr,2015-04-21,75634 9,False,goed
Evan Mason,2019-06-09,24161 47,False,slecht
Melissa Jackson,2008-11-05,54626 81,True,goed
Shaun Acevedo,2012-12-12,01168 40,True,slecht
Ronald Soto,2021-12-19,44376 67,False,slecht
Terri Shaw,2012-03-08,76510 79,True,slecht
Cynthia Moreno,2008-02-27,81545 90,False,goed
Nicole Shaw,2008-07-22,16896 59,False,slecht
Miguel Newton,2007-11-11,12427 39,True,goed
Sharon Brown,2020-07-25,92543 65,False,goed
Laurie Williams,2009-12-31,83090 79,False,goed
Joshua Alexander,2014-03-26,76871 27,False,slecht
John Klein,2011-04-12,76109 94,False,goed
Steven Garcia,2005-06-21,37441 26,True,slecht
Nathan Stark,2008-02-29,07243 26,True,goed
Annette Richards,2007-07-05,30237 34,True,slecht
Daniel Gonzales,2008-06-25,54087 35,True,goed
Lisa Jarvis,2014-08-09,49145 40,True,goed
Stephanie Herrera,2014-12-08,53063 4,True,goed
Thomas Pierce,2005-08-21,60073 26,False,slecht
Cathy Tyler DVM,2021-06-02,15254 88,True,goed
David Long,2022-03-23,26390 26,True,slecht
William Dorsey,2011-11-19,14356 50,True,slecht
Aaron Carter,2008-04-21,58703 70,True,goed
Alexa Logan,2012-05-28,21021 82,False,goed
Mrs. Diane Gordon,2014-11-05,04070 98,True,slecht
Lindsay Smith,2013-12-31,58753 28,True,slecht
Jessica Frank,2008-03-11,19498 6,True,slecht
Andrew Chang,2021-10-15,07877 81,True,goed
Kathy Bush,2012-07-29,10469 58,True,goed
Brandy Miller,2018-11-25,26759 17,True,slecht
John Olson,2009-09-25,51955 68,False,goed
Lindsay Goodman,2018-05-12,07692 26,True,slecht
Mr. Carl Bryan,2008-03-11,88829 43,True,goed
Jessica Dunn,2021-08-02,84224 42,False,slecht
Shawn Jennings,2010-02-01,79240 85,True,goed
Phillip Ware,2015-01-07,22982 16,False,goed
Emily Duran,2010-06-14,02787 47,False,goed
Amanda Williams,2009-10-19,32205 88,False,slecht
Megan Davis,2006-01-19,43690 67,False,slecht
Patricia Rodgers,2016-08-18,18524 53,True,slecht
Philip Rodriguez,2022-04-17,39863 33,True,slecht
Ashley Jimenez,2008-06-22,82378 8,True,goed
Aaron Torres,2015-01-08,32800 17,False,slecht
David Ortiz,2017-04-14,33511 53,False,goed
John Jackson,2004-08-24,54032 40,True,goed
Brandi Brown,2020-10-21,49397 95,False,goed
James Velasquez,2017-09-03,26919 11,False,goed
Kenneth Gomez,2016-02-09,61978 64,True,goed
Sean Castillo,2006-03-21,03307 37,False,slecht
Alan Jennings,2005-10-16,54921 98,True,goed
Brittany Martinez,2019-06-01,79630 60,False,goed
Rita Lozano,2010-08-12,45812 42,False,slecht
Jamie Rivera,2008-12-16,74504 96,True,slecht
Gavin Manning,2005-05-24,62721 32,False,slecht
Douglas Roberts,2008-05-20,50117 9,False,goed
Troy Turner,2016-06-11,40165 8,False,slecht
Jeffrey Perry,2014-05-27,34867 19,False,goed
Brian Ross,2019-03-08,20056 2,True,slecht
Lauren Espinoza,2021-12-09,08010 99,False,goed
Christopher Woods,2017-07-15,54571 80,False,slecht
Christopher Orozco,2021-07-27,29140 8,False,goed
Tyler Wong,2012-05-19,25003 43,True,goed
Margaret Miller,2009-09-17,72919 4,True,goed
Tammy Oliver,2019-10-07,55289 57,False,goed
Devin Rodriguez,2019-10-16,45287 51,False,goed
Michael Mills,2007-12-01,52470 89,True,goed
Noah Cannon,2006-02-06,50548 55,True,goed
Donald Lee,2016-10-29,98245 60,True,goed
Michael Merritt,2021-02-25,30138 61,True,goed
Michelle Moore,2012-05-04,55681 14,False,goed
Jeremy Baker,2010-06-11,46591 78,False,goed
Tyler Mills,2020-12-27,66439 21,True,goed
Tony Howard,2007-04-22,95046 53,True,goed
Charles Carlson,2011-11-04,11459 61,True,goed
Kelsey Garcia,2018-03-08,69361 30,True,goed
Jessica Evans,2017-10-02,95087 57,True,goed
Veronica Smith,2015-02-13,86692 90,True,goed
Paul Fowler,2021-10-25,85098 74,False,goed
Zachary Odom,2017-08-04,78181 82,False,slecht
Shawn Thompson,2015-09-24,15138 22,False,slecht
Dr. Betty Cannon,2017-06-29,63029 2,False,goed
Elizabeth Butler,2016-10-19,41806 83,True,slecht
Angel Ford,2015-12-24,69295 18,True,slecht
Jessica Mullen,2021-03-09,18258 11,True,slecht
Michael Garza,2006-07-07,73348 25,False,slecht
Nicole Graves,2017-05-01,93861 55,True,slecht
Nancy Ward,2021-01-30,48450 91,False,slecht
Kevin Snyder,2013-04-11,18994 72,True,goed
Gail Scott,2017-11-10,41846 33,True,slecht
Patricia Nichols,2007-07-13,14963 2,True,goed
Veronica Rose,2020-01-19,56274 80,True,goed
Lisa Sanchez,2020-11-14,54347 62,False,slecht
Jose Freeman,2008-09-03,16092 73,True,slecht
Steven White,2006-07-01,24534 16,True,goed
Dominique Brown,2018-02-20,52704 13,False,slecht
Mark Nichols,2012-09-12,71616 58,True,goed
Chloe Shepard,2018-03-24,86525 47,True,slecht
Patricia Finley,2016-04-01,38743 72,False,goed
Kyle Stewart,2009-03-17,08375 18,True,goed
Hector Mcconnell,2016-04-11,59141 33,True,slecht
Mary Silva,2019-10-13,64835 23,True,goed
Austin Hernandez,2019-10-26,93321 73,False,goed
Elizabeth Pierce,2022-02-24,51419 14,True,slecht
Tammy Johnston,2008-04-16,90078 19,False,slecht
Miguel Rivers,2012-01-15,69303 15,True,slecht
Roger Duran,2014-01-22,52482 7,False,goed
Christine Nash,2015-04-08,57698 63,True,slecht
Laura Robinson,2012-03-07,16092 17,True,slecht
Anita Preston,2020-04-22,23536 27,True,goed
Deborah Thomas,2008-08-20,15413 41,False,goed
Daisy Allen,2017-03-15,07760 8,False,goed
Jennifer Russell,2012-09-30,15594 56,True,goed
Amanda Gutierrez,2017-08-14,15715 93,False,slecht
Christopher Roberts,2010-11-10,53391 58,False,slecht
Ryan Hurst,2011-04-11,28361 68,True,goed
Tara Anderson,2007-10-05,04832 7,False,goed
Justin Bauer,2012-11-10,82532 19,True,slecht
Victoria Vazquez,2019-12-17,45404 14,False,goed
Andrew Stewart,2010-08-02,83779 95,True,slecht
Todd Foster,2020-08-01,01380 78,False,slecht
Alejandro Lopez,2012-09-26,47641 39,True,slecht
Peter Jones,2010-04-18,39005 17,False,goed
Caitlin Jones,2006-01-28,71109 20,False,slecht
Kelsey Campbell,2018-04-01,61914 4,False,slecht
Cameron Carroll,2022-05-07,02726 86,True,slecht
John Hancock,2013-08-27,45904 54,True,goed
Melissa Zamora,2018-07-19,06494 26,True,goed
Erica Miller,2008-03-17,29393 93,False,goed
Parker Wells,2021-02-26,72273 54,False,goed
William Arnold,2007-02-08,15541 94,True,goed
Joseph Oneill,2012-07-13,32452 2,True,slecht
Ashley Martinez,2007-05-18,28918 54,False,slecht
Robert Perkins,2021-05-09,54682 70,True,slecht
Thomas Ali,2016-03-23,63655 3,True,goed
Brandon Davis,2020-09-29,85085 50,True,goed
David Richard,2006-01-22,75660 24,False,slecht
Antonio Kim,2019-07-31,75833 19,False,goed
Travis Williams,2019-07-28,95609 54,False,goed
Molly Johnson,2008-04-14,44719 77,True,goed
Monica Bryant,2012-08-29,89632 78,True,goed
Jessica Yu,2021-11-24,87365 70,True,goed
Michelle Reed,2006-03-23,25813 19,True,slecht
Judy Burke,2005-11-12,78390 48,True,slecht
Joanna Rodriguez,2015-12-22,55137 58,True,slecht
Kenneth Frazier,2008-12-28,63824 58,False,goed
Madison Jordan,2010-05-17,09846 34,False,slecht
Russell Ponce,2017-12-31,17005 59,False,slecht
Mark Yates,2008-12-03,75775 20,True,slecht
Cynthia Hernandez,2009-05-19,13007 62,False,slecht
James Gibson,2011-07-19,92971 61,False,slecht
Joseph Davis,2018-01-31,11021 11,True,goed
Randy Hudson,2009-01-09,75103 44,True,goed
Jeremy Case,2011-08-05,88991 49,False,goed
Laura Fitzgerald,2009-01-05,38064 36,False,goed
David Horn,2018-10-29,36925 75,False,goed
Mason Small,2018-08-21,84390 41,True,slecht
Jay Peters,2021-11-07,66362 31,False,goed
Cameron Paul,2014-06-25,89872 68,True,goed
Kevin Oconnor,2004-07-31,47127 99,False,goed
Amanda Rivera,2014-08-06,95701 88,True,goed
Christine Thompson,2008-08-25,41822 18,True,goed
Amanda Perez,2006-09-01,47766 30,True,slecht
Cory Mcdonald,2020-11-15,50691 22,True,slecht
Michael Miles,2013-06-08,35448 83,False,slecht
Benjamin Coleman,2010-06-05,28472 94,False,slecht
Pamela Miller,2016-04-06,30503 58,False,slecht
Mackenzie Mcknight,2017-02-28,73401 68,True,slecht
Derek Ballard,2006-06-16,29458 37,True,goed
Vanessa Griffin,2005-08-23,58464 59,False,slecht
Jeffrey Baker,2006-02-07,83087 54,False,slecht
Sandra Garcia,2016-11-02,47468 20,False,goed
Ronald Norton,2020-12-06,64858 92,False,goed
Jacob Fuller,2017-04-15,70048 63,True,goed
Chelsea Young,2018-01-28,73265 67,True,goed
Stephanie Sanchez,2004-08-20,94335 24,False,slecht
Melissa Smith,2019-07-17,70889 33,True,goed
Brenda Baker,2016-03-08,83228 73,False,goed
Bill Barker,2022-01-09,41534 90,False,slecht
Keith Cox,2014-08-14,18257 87,False,slecht
Jerry Delgado,2017-02-13,72188 62,True,goed
Brandi Andrews,2013-09-23,04578 65,True,slecht
Clarence Alvarado,2007-11-14,14926 79,False,slecht
Jessica Dominguez,2018-05-15,87057 58,True,slecht
Jennifer Conner,2017-01-17,79956 64,False,slecht
Donna Mclaughlin,2019-08-03,90298 34,True,goed
Wayne Lee,2006-10-01,05233 28,False,goed
Jamie Martinez,2012-05-13,33565 38,False,slecht
Catherine Robertson,2008-11-25,73621 51,True,goed
Olivia Campbell,2018-02-13,38679 100,True,goed
Carmen Pace,2020-07-25,15523 44,True,slecht
Charles Carlson,2004-08-07,06545 76,True,goed
Shane Maldonado,2021-12-13,74624 77,False,goed
Karen Sanchez,2017-06-01,55798 38,False,goed
Anthony Watson,2013-01-30,98411 82,False,slecht
Thomas Carter,2006-11-21,34128 62,False,goed
Eugene Rodriguez,2012-11-02,49363 45,False,slecht
Marcus Taylor,2018-07-28,72248 62,False,slecht
Sheila Thompson,2019-01-23,58886 94,False,slecht
Victoria Perez,2020-12-06,87473 99,False,goed
Jasmine Romero,2013-08-21,69858 100,False,goed
Michael Price,2017-08-04,79308 18,True,slecht
Ryan Smith,2006-10-23,81231 48,True,goed
Rachel Robbins,2006-07-27,94725 49,False,slecht
Nicole Howard,2004-11-08,37603 51,True,slecht
Cynthia Nguyen,2015-02-01,40217 50,True,goed
Katie Walters,2012-02-09,25882 72,False,slecht
Tina Hernandez,2010-04-05,39671 32,True,goed
Ivan Blair DDS,2014-10-24,09007 8,False,slecht
Clayton Wise,2018-04-18,77199 6,True,goed
Nicholas Monroe,2021-11-21,79074 27,False,goed
Katherine Smith,2005-08-16,59354 46,True,slecht
Charles Miller,2013-02-20,83526 73,False,slecht
Shelia Mcclain,2009-02-07,84863 71,True,goed
Alison Rojas,2004-08-09,40979 100,True,goed
Daniel Neal,2018-09-19,36684 84,False,goed
Shelley Riley,2006-01-19,70007 90,True,goed
Nathan Dominguez,2007-01-21,16187 80,True,goed
Cindy Mitchell,2021-12-20,54480 87,False,slecht
Crystal Hart,2017-08-18,35477 100,False,slecht
Barbara Levine,2009-05-29,77393 55,False,slecht
Diana Stewart,2008-09-19,69088 57,True,goed
Kiara Sullivan,2008-04-18,69940 15,True,goed
Mark Cooley,2012-11-28,79431 29,False,goed
Cindy Bryant,2022-04-16,04026 12,True,slecht
Zachary Cox,2005-09-15,77855 34,True,slecht
Victor Wood,2007-03-21,22552 59,True,goed
Sara Williams,2005-07-14,88767 70,False,slecht
David Lang,2019-06-05,56407 75,False,goed
Michael Jones,2009-05-09,96692 74,True,slecht
Jennifer Norton,2007-04-07,12892 51,False,goed
Nicole Morton,2015-06-19,54405 10,True,slecht
Deborah Adams,2005-04-07,13726 68,False,slecht
Tracy Williams,2011-06-26,41642 91,True,slecht
Stephanie Rodriguez,2021-08-19,67337 80,True,slecht
Stephanie Jackson,2006-07-11,22548 98,True,slecht
Victoria Baldwin,2010-04-03,76754 86,False,goed
Karen Mcdonald,2008-03-26,74363 45,False,goed
Courtney Jacobs,2012-06-06,78815 75,True,slecht
Natasha Guzman,2016-04-20,07246 46,False,goed
Brad Middleton,2010-03-30,73093 35,True,goed
Jennifer Black,2005-04-27,09196 21,True,slecht
Angela Washington,2007-09-29,59601 2,False,slecht
Tiffany Kirk PhD,2017-01-12,58073 23,False,goed
Ashlee Foster,2017-09-23,51990 56,False,goed
Luis Spencer,2010-05-16,95152 58,True,slecht
Jessica Flores,2018-06-06,24422 98,False,slecht
Anna Hays,2012-08-24,19795 35,True,goed
Amy Mueller,2008-02-11,99152 98,True,slecht
Melissa Brandt,2010-10-12,07543 86,True,slecht
Joseph Ward,2008-10-03,15537 34,True,goed
Robert Pope,2009-09-20,98412 12,False,goed
April Peterson,2005-08-28,96703 73,False,slecht
Justin Johnson,2018-08-07,96091 93,False,slecht
Ariel Hudson,2007-09-13,45445 59,True,goed
Tiffany Sanchez,2007-10-01,64209 10,False,slecht
Philip Benitez,2011-03-11,08616 2,False,goed
Sharon Parker,2004-10-29,41031 57,False,goed
Jeremy Rivera,2009-02-06,12439 25,False,slecht
Justin Smith,2013-06-07,44884 40,False,goed
Daniel Harvey,2012-09-21,87625 4,True,slecht
Andrea Jones,2020-03-31,28623 35,True,goed
John Hodge,2019-01-12,10044 22,False,slecht
Jennifer Ramsey,2007-12-02,53816 24,False,slecht
David Heath,2010-02-22,85695 18,False,goed
Bruce Cole,2018-05-17,95920 34,True,slecht
Joshua Love,2013-10-15,98917 9,False,goed
Kurt Hernandez,2005-01-14,23865 68,True,goed
Marie Hutchinson,2018-10-05,85242 100,False,goed
Jamie Stafford,2013-03-27,21337 44,True,slecht
Crystal Ramsey,2017-04-05,45853 51,False,goed
Susan Heath,2012-11-19,66437 77,False,slecht
Tammy Fernandez,2010-07-24,64730 25,True,slecht
Edward Solis,2015-11-10,10441 93,False,goed
Christopher Allen,2020-03-26,50676 90,True,goed
Jeremy Stevens,2011-10-23,01798 31,False,goed
Joseph Johnson,2015-03-31,82106 30,False,goed
Dawn Miller,2009-05-13,73486 76,False,goed
Evan Munoz,2011-01-07,80960 20,True,slecht
James Bell,2005-11-12,44310 98,False,goed
Robert Krause,2015-02-06,70342 18,True,goed
Andrea Hogan,2021-07-06,67119 24,False,slecht
Ashley Boyd,2009-09-23,43181 49,False,slecht
Lori Riggs,2011-04-07,94343 76,False,slecht
Seth Thompson,2017-09-13,86763 67,True,slecht
Andrew Jones,2017-12-29,34963 95,True,slecht
Christine Campbell,2013-09-28,46203 4,True,slecht
Rachel Griffin,2018-08-10,05045 63,True,goed
Crystal Rice,2013-10-05,34526 26,True,slecht
Andrew Jenkins,2006-07-27,71759 81,True,goed
Levi Williams,2015-05-14,12502 10,False,slecht
Alec Dominguez,2014-04-19,86848 63,True,goed
Amy Bishop,2017-07-13,18830 39,True,slecht
Stephanie Smith,2014-05-25,26996 96,True,slecht
Alan Walton,2021-09-19,45485 70,False,slecht
Jennifer Allen,2007-03-07,75022 88,True,goed
Dr. Nathaniel Holder DDS,2005-04-27,34231 98,False,goed
Shane Baker,2009-06-27,75085 44,False,slecht
Mrs. Lauren Mendez,2017-10-20,71685 29,True,slecht
Gregory Morris,2017-09-23,26334 96,False,slecht
Danielle Werner,2015-06-19,62426 11,False,slecht
Christy Smith,2009-09-10,86804 88,True,goed
Gabrielle Parsons,2020-06-14,37909 74,True,goed
Jessica Johnson,2004-12-16,05512 28,False,goed
Jenna Harper,2009-06-07,23672 94,False,slecht
Maria Miller,2011-12-14,82028 24,True,goed
Teresa Collier,2008-07-01,46056 98,False,slecht
Ryan Jimenez,2006-12-23,73546 56,True,slecht
Kyle Jones,2017-02-15,81837 26,False,goed
Melissa Willis,2012-03-01,01140 2,True,slecht
Christopher Jones,2012-04-30,32350 6,False,goed
Kyle Valdez,2020-06-22,85938 53,False,goed
Alex Beck,2018-01-06,97110 67,False,slecht
Amy Elliott,2008-05-21,44554 29,False,goed
Justin Johnson,2007-06-26,95841 91,False,slecht
Jose Thompson,2015-06-05,62008 8,False,goed
Michael Marks,2017-02-10,03492 90,True,goed
Douglas Mckay,2012-03-01,05082 54,False,goed
John Werner,2016-03-05,28931 7,False,slecht
Daniel Mayo,2016-12-30,90568 12,True,slecht
Steven Bean,2005-11-09,44051 97,False,slecht
David Sutton,2013-05-08,87439 84,True,slecht
Austin Barnett,2008-09-05,39471 73,True,slecht
Martin Nguyen,2018-04-14,26453 39,False,goed
Luis Morales,2004-12-07,62244 66,True,slecht
Sabrina Hebert,2016-05-07,31743 36,False,goed
Jon Ho,2019-02-26,85465 13,False,goed
Kelly Malone,2021-08-14,19962 46,True,goed
Nicole Jarvis,2004-09-11,07879 84,False,slecht
Austin Nguyen,2010-04-26,54292 25,False,goed
Teresa Fowler,2012-08-14,68230 35,True,goed
Tina Brown,2005-09-02,52329 72,True,slecht
Charles Thomas,2016-08-12,03012 15,False,goed
Deborah Nelson,2007-01-28,57610 2,True,goed
Anne Davis,2020-10-01,65764 57,False,slecht
Jordan Parsons,2019-01-16,83519 80,True,slecht
Samuel Daniel,2016-10-19,73400 6,True,goed
Dale Jones,2017-08-15,83101 23,True,slecht
Haley Shields,2010-06-15,48450 35,False,slecht
Heather Sullivan,2008-12-16,54239 12,False,slecht
Angela Castaneda,2016-04-12,48277 71,False,goed
Jeffrey Fleming,2016-11-12,19422 26,False,goed
Candace Chambers,2008-03-05,95833 25,True,goed
Mr. Jacob Howell,2005-11-12,65542 62,True,slecht
Lauren Garcia,2013-10-09,40368 92,True,goed
Robin Sherman,2016-10-04,76168 92,False,slecht
Gary White,2016-03-21,15131 2,True,slecht
Joe Harrison,2006-09-29,87604 6,False,goed
John Hernandez,2011-11-14,62325 1,False,goed
Kenneth Holt,2006-07-12,04131 42,True,slecht
Monique Houston,2011-10-17,70030 78,True,goed
Billy Brown,2010-05-01,49423 12,False,goed
Mario Gonzalez,2018-06-04,38597 35,True,goed
Mrs. Alexandra Underwood DDS,2016-09-14,34133 41,True,slecht
Maria Alvarez,2017-07-05,75702 87,False,goed
Robert Stevenson,2008-03-28,15140 4,False,goed
Jacob Owens,2006-05-02,81869 28,False,slecht
Sue Dunlap,2011-05-31,76231 1,False,goed
Morgan Torres,2017-10-09,89426 34,True,slecht
Peter Noble,2013-02-18,06430 78,False,slecht
Daniel Thompson,2019-07-20,23834 78,False,goed
Michelle Schroeder,2013-03-07,94295 59,True,goed
Elizabeth Miller,2016-07-15,09679 70,True,slecht
Jeffrey Mason,2014-02-01,78053 13,True,goed
Barbara James,2014-03-21,68082 43,False,goed
Manuel Wright,2009-07-21,10547 97,True,slecht
Mr. Daniel Smith,2007-03-02,14936 12,False,slecht
Lawrence Preston,2006-11-25,00906 6,False,slecht
Natalie Mahoney,2005-11-26,68253 92,True,goed
Hector Walters,2021-08-12,40592 65,True,slecht
Douglas Lynch Jr.,2013-01-14,44807 1,False,slecht
Mr. James Lee,2013-10-31,12137 85,True,goed
Anna Dunn,2014-02-24,75429 83,False,goed
Stanley Stanley,2019-08-06,92762 64,True,slecht
Lydia Hernandez,2011-10-05,03413 54,True,goed
Mr. David Walsh MD,2015-12-12,67201 13,False,slecht
Elizabeth Brown,2005-10-17,28383 57,True,slecht
Mark Bates DDS,2009-11-25,34184 42,False,slecht
Monica Townsend,2005-01-01,43445 75,True,slecht
Alexis Smith,2017-01-29,07743 67,True,slecht
Jerry Fischer,2009-07-04,06814 24,True,goed
Randy Berry MD,2007-05-15,08278 1,False,slecht
Alyssa Serrano,2004-09-21,39042 25,True,goed
Nichole Griffin,2021-02-27,78171 77,False,goed
Douglas Hampton,2017-04-06,03727 88,True,goed
Taylor Williams,2014-03-10,60065 38,True,slecht
Krystal Adams,2014-10-10,38011 56,False,slecht
Stephen Page,2013-12-25,78149 79,False,goed
Anthony Miller,2011-01-13,60552 60,False,goed
Charles Johnston,2010-11-17,78753 40,False,goed
Michael Walker,2004-09-05,39420 52,True,goed
William Landry,2016-06-12,69508 82,False,goed
Caitlin Knapp,2021-09-14,48035 32,True,goed
Brittany Hicks,2005-01-29,80102 28,True,goed
Nicholas Day,2018-04-08,35421 2,True,slecht
Tracy Daniel,2021-08-06,28456 82,True,slecht
Justin Hall,2008-02-19,26710 65,True,goed
Brandon Rivers,2004-06-08,03489 63,False,goed
Jeffery Palmer,2017-08-20,83013 67,False,slecht
Darren Williams,2004-07-22,06794 32,False,goed
Sherry Snyder,2009-07-27,12352 55,False,goed
Kristina Perez,2018-06-27,39773 25,False,slecht
Melissa May,2006-05-05,68096 47,True,goed
Isaac Doyle,2012-02-12,15310 11,True,slecht
Maurice Skinner,2022-03-04,22682 30,True,slecht
Juan Russell,2013-06-10,37920 6,True,slecht
Jerry Valenzuela,2006-04-04,63521 31,True,slecht
Scott Hutchinson,2015-08-18,07322 31,True,slecht
Jeremy Scott,2020-04-13,62402 62,True,goed
Marissa Yang,2008-08-12,66069 76,True,goed
Mary Jackson,2004-09-26,66216 86,False,goed
James Lewis,2011-01-08,57572 100,True,goed
Allison Adkins,2004-09-20,89701 44,True,slecht
Steven Harris,2012-09-23,81966 56,True,goed
Sheri Rowland,2005-09-29,90189 33,False,slecht
Nicole Williamson,2011-02-07,15886 24,True,slecht
Austin Glover,2017-11-19,01381 31,False,goed
Evan Herring,2009-03-30,71577 48,False,goed
David Adkins,2006-11-03,60586 34,True,slecht
Dylan Perry,2016-12-28,59774 27,False,goed
Carla Gray,2021-01-26,65526 70,True,goed
Timothy Crawford,2016-04-11,07386 32,True,slecht
Karen Brooks,2007-08-16,28865 12,False,goed
Evan Cross,2008-07-30,36154 70,False,slecht
Mark Alvarez,2015-11-21,22180 66,True,goed
Matthew Walker,2013-07-31,58843 31,False,slecht
Kevin Drake,2005-02-23,88716 96,False,slecht
Heather Morris,2011-05-22,24929 36,True,slecht
